url_path,views_total,views_unique
/krishtadigotla/temporal-wiki-link-prediction,4,4
/krishtadigotla/temporal-wiki-link-prediction/blob/github-repo-stats/krishtadigotla/temporal-wiki-link-prediction/latest-report/report.pdf,3,3
/krishtadigotla/temporal-wiki-link-prediction/tree/github-repo-stats,3,3
/krishtadigotla/temporal-wiki-link-prediction/tree/github-repo-stats/krishtadigotla/temporal-wiki-link-prediction,3,3
/krishtadigotla/temporal-wiki-link-prediction/tree/github-repo-stats/krishtadigotla/temporal-wiki-link-prediction/latest-report,3,3
/krishtadigotla/temporal-wiki-link-prediction/tree/main,2,2
/krishtadigotla/temporal-wiki-link-prediction/blob/github-repo-stats/krishtadigotla/temporal-wiki-link-prediction/latest-report/report.md,1,1
/krishtadigotla/temporal-wiki-link-prediction/branches,1,1
/krishtadigotla/temporal-wiki-link-prediction/tree/main/.github/workflows,1,1
